<?xml version="1.0" encoding="UTF-8"?>
<GenRun Id="synth_1" LaunchPart="xc7a100tcsg324-1" LaunchTime="1464704414">
  <File Type="PA-TCL" Name="MP3_Design_wrapper.tcl"/>
  <File Type="RDS-RDS" Name="MP3_Design_wrapper.vds"/>
  <File Type="VDS-TIMINGSUMMARY" Name="MP3_Design_wrapper_timing_summary_synth.rpt"/>
  <File Type="VDS-TIMING-PB" Name="MP3_Design_wrapper_timing_summary_synth.pb"/>
  <File Type="RDS-DCP" Name="MP3_Design_wrapper.dcp"/>
  <File Type="RDS-UTIL-PB" Name="MP3_Design_wrapper_utilization_synth.pb"/>
  <File Type="RDS-UTIL" Name="MP3_Design_wrapper_utilization_synth.rpt"/>
  <File Type="RDS-PROPCONSTRS" Name="MP3_Design_wrapper_drc_synth.rpt"/>
  <FileSet Name="sources" Type="DesignSrcs" RelSrcDir="$PSRCDIR/sources_1">
    <Filter Type="Srcs"/>
    <File Path="$PSRCDIR/sources_1/bd/MP3_Design/MP3_Design.bd">
      <FileInfo>
        <Attr Name="ImportPath" Val="$PPRDIR/../../../UserRepository/Aulas/Aula10/ex3/MP3/MP3.srcs/sources_1/bd/MP3_Design/MP3_Design.bd"/>
        <Attr Name="ImportTime" Val="1463174030"/>
        <Attr Name="UsedIn" Val="synthesis"/>
        <Attr Name="UsedIn" Val="implementation"/>
        <Attr Name="UsedIn" Val="simulation"/>
      </FileInfo>
    </File>
    <File Path="$PSRCDIR/sources_1/bd/MP3_Design/hdl/MP3_Design_wrapper.vhd">
      <FileInfo>
        <Attr Name="UsedIn" Val="synthesis"/>
        <Attr Name="UsedIn" Val="simulation"/>
      </FileInfo>
    </File>
    <File Path="$PSRCDIR/sources_1/imports/ramANDrom/8words_16bits.coe">
      <FileInfo>
        <Attr Name="ImportPath" Val="$PPRDIR/../../Repository/ramANDrom/8words_16bits.coe"/>
        <Attr Name="ImportTime" Val="1460498255"/>
        <Attr Name="UsedIn" Val="synthesis"/>
        <Attr Name="UsedIn" Val="simulation"/>
      </FileInfo>
    </File>
    <File Path="$PPRDIR/../project_1/project_1.srcs/sources_1/bd/MP3_Design/ip/MP3_Design_ramANDrom_wrapper_0_0/8words_16bits.coe">
      <FileInfo>
        <Attr Name="UsedIn" Val="synthesis"/>
        <Attr Name="UsedIn" Val="simulation"/>
      </FileInfo>
    </File>
    <File Path="$PPRDIR/../../Memoria/16words_8bits.coe">
      <FileInfo>
        <Attr Name="UsedIn" Val="synthesis"/>
        <Attr Name="UsedIn" Val="simulation"/>
      </FileInfo>
    </File>
    <Config>
      <Option Name="DesignMode" Val="RTL"/>
      <Option Name="TopModule" Val="MP3_Design_wrapper"/>
      <Option Name="TopAutoSet" Val="TRUE"/>
    </Config>
  </FileSet>
  <FileSet Name="constrs_in" Type="Constrs" RelSrcDir="$PSRCDIR/constrs_1">
    <Filter Type="Constrs"/>
    <File Path="$PSRCDIR/constrs_1/imports/Aula1_15Feb2016/Nexys4_Master.xdc">
      <FileInfo>
        <Attr Name="ImportPath" Val="$PPRDIR/../../../UserRepository/Aulas/Aula10/ex3/MB2/MB2.srcs/constrs_1/imports/Aula1_15Feb2016/Nexys4_Master.xdc"/>
        <Attr Name="ImportTime" Val="1462097087"/>
        <Attr Name="UsedIn" Val="synthesis"/>
        <Attr Name="UsedIn" Val="implementation"/>
      </FileInfo>
    </File>
    <Config>
      <Option Name="ConstrsType" Val="XDC"/>
    </Config>
  </FileSet>
  <Strategy Version="1" Minor="2">
    <StratHandle Name="Vivado Synthesis Defaults" Flow="Vivado Synthesis 2015"/>
    <Step Id="synth_design"/>
  </Strategy>
</GenRun>
